Days,WaterAbsWeightGain,ThicknessSwelling
0,0,0
1,1.773152473,0.25896
2,3.379258782,1.713985
3,4.003040395,2.128433
4,5.260677209,2.283737
5,5.420239744,2.489552
6,5.638493082,2.955124
7,5.846701531,3.580133
8,6.094880067,3.7354502
9,6.084741864,4.77805
10,6.094554443,4.77805